Country,Prompt,Website
UK,Dyson V15 cordless vacuum cleaner best price,amazon.com
UK,KitchenAid stand mixer reviews UK,amazon.com
UK,Samsung washing machine 9kg front loading,amazon.com
UK,Ninja air fryer large capacity reviews,amazon.com
UK,Bosch dishwasher integrated 60cm,amazon.com
USA,Dyson V15 cordless vacuum cleaner best deal,amazon.com
USA,KitchenAid stand mixer reviews USA,amazon.com
USA,Samsung washing machine 9kg front load,amazon.com
USA,Ninja air fryer XL reviews ratings,amazon.com
USA,Bosch dishwasher built-in stainless steel,amazon.com
Germany,Dyson V15 kabelloser Staubsauger bester Preis,amazon.com
Germany,KitchenAid Küchenmaschine Test Bewertungen,amazon.com
Germany,Samsung Waschmaschine 9kg Frontlader,amazon.com
Germany,Ninja Heißluftfritteuse groß Test,amazon.com
Germany,Bosch Geschirrspüler Einbau 60cm,amazon.com
